start	end	jp	ko
20.05	25.10	借りができたな。お前は俺の世界まで救って	신세를 졌군. 네가 내 세계까지 구해 줬으니.
25.22	29.18	ん? どうしたんだよ。嬉しくないのか?	응? 왜 그래. 기쁘지 않아?
29.34	32.03	嬉しい? 国は荒れ果て	기쁘냐고? 나라는 황폐해지고
32.08	35.58	その上、ソフィア姫までも失ってしまったのに	게다가 소피아 공주님까지 잃고 말았는데.
41.32	43.88	おい、こいつはソフィアじゃないぜ	이봐, 이건 소피아가 아니야.
44.20	45.66	どういうことだ?	무슨 소리야?
45.72	49.23	こいつは魔王アキリーを操っていた化け物だ	이건 마왕 아킬리를 조종하던 괴물이다.
49.28	52.94	俺は死神だぜ	내가 사신이라고.
53.60	54.86	ソフィアは死んでない	소피아는 죽지 않았어.
54.86	56.86	どこかで生きてるよ	어딘가에 살아 있다고.
58.42	60.12	行ってらっしゃい、マキシモ	다녀오세요, 막시모.
60.12	63.00	王国の再建は私たちに任せて	왕국 재건은 저희에게 맡기세요.
63.00	64.60	え?	어?
69.50	71.96	もちろん一緒に探してくれるよな	물론 같이 찾아 줄 거지?
72.01	72.51	え!?	뭐!?
72.56	74.88	さっき借りがあるって言ってたし	아까 신세를 졌다고 했잖아.
74.88	75.44	そ、それは…	그, 그건…
75.44	77.00	なあ、相棒	그렇지, 친구?
77.05	79.76	くっ、しょうがねえな	크윽, 어쩔 수 없군.
86.46	88.14	楽しい冒険になりそうだな	즐거운 모험이 되겠군.
88.14	89.40	ああ	그래.
