offset	jp	ko
ce650	MEMORY CARD差込口1に差さつていません。	MEMORY CARD 슬롯 1에 꽂혀 있지 않습니다.
ce690	このゲームの保存には341KB以上必要です。	이 게임을 저장하려면 341KB 이상 필요합니다.
ce6c0	STARTボタンを押すと、このまま開始します。	START 버튼을 누르면 이대로 시작합니다.
ce6f0	“PlayStation 2“専用メモリーカード(8MB)が	“PlayStation 2“ 전용 메모리 카드(8MB)가
ce730	初期化されていません。	포맷되어 있지 않습니다.
ce750	初期化しますか?	포맷하시겠습니까?
ce770	□<;>ボタンで決定	□<;>버튼으로 결정
ce790	初期化中です。	포맷 중입니다.
ce7a0	“PlayStation 2“専用メモリーカード(8MB)を	“PlayStation 2“ 전용 메모리 카드(8MB)를
ce7e0	抜き差ししないで下さい。	빼거나 꽂지 마십시오.
ce800	初期化しませんでした。	포맷하지 않았습니다.
ce820	初期化が完了しました。	포맷이 완료되었습니다.
ce840	“PlayStation 2“専用メモリーカード(8MB)の	“PlayStation 2“ 전용 메모리 카드(8MB)에
ce880	セーブ中です。	저장 중입니다.
ce890	方向キーで選択	방향키로 선택
ce8a0	□<;>ボタンで上書き	□<;>버튼으로 덮어쓰기
ce8c0	×<;>ボタンで戻る	×<;>버튼으로 돌아가기
ce8e0	方向キーで名前を入力して下さい。	방향키로 이름을 입력해 주십시오.
ce910	□<;>ボタンでセーブ	□<;>버튼으로 저장
ce930	上書きしますか?	덮어쓰시겠습니까?
ce950	セーブが完了しました。	저장이 완료되었습니다.
ce970	初期化に失敗しました。	포맷에 실패했습니다.
ce990	セーブに失敗しました。	저장에 실패했습니다.
ce9b0	ロードに失敗しました。	불러오기에 실패했습니다.
ce9d0	ロード中です。	불러오는 중입니다.
ce9e0	ゲームデータがありません。	게임 데이터가 없습니다.
cea00	ゲームのロード	게임 불러오기
cea10	ニューゲーム	새 게임
cea20	ゲーム設定	게임 설정
cea30	マスタリー	마스터리
cea40	ギャラリー	갤러리
cea50	ムービー	무비
cea60	サウンド	사운드
cea70	ステレオ	스테레오
cea80	モノラル	모노
cea90	音楽の音量	음악 볼륨
ceaa0	効果音の音量	효과음 볼륨
ceab0	バイブレーション	진동
ceac8	画面位置調整	화면 위치 조정
cead8	初期値に戻す	초기값으로
ceaf0	□<;>ボタンでプレイ	□<;>버튼으로 플레이
ceb10	ステージクリア!	스테이지 클리어!
ceb30	ステージ攻略率	스테이지 공략률
ceb40	ゲーム進行率	게임 진행률
ceb50	ゲーム攻略率	게임 공략률
ceb60	ライフ   150コイン	라이프   150코인
ceb80	アーマー   100コイン	아머   100코인
ceba0	フルヘルス   50コイン	풀 헬스   50코인
cebc0	フットチーズ   500コイン	발냄새 치즈   500코인
cebe0	モノグラムパンツ   300コイン	모노그램 팬티   300코인
cec10	POWパンツ   300コイン	POW 팬티   300코인
cec30	ミステリー   150コイン	미스터리   150코인
cec50	ソードチャージ   150コイン	소드 차지   150코인
cec80	シルバーシールド   160コイン	실버 실드   160코인
cecb0	ゴールドシールド   300コイン	골드 실드   300코인
cece0	COWパンツ   300コイン	COW 팬티   300코인
ced00	セーブ、ステージ移動には	저장, 스테이지 이동에는
ced20	◀暗雲の広場▶	◀먹구름 광장▶
ced30	◀巨大樹の広場▶	◀거목 광장▶
ced50	◀銀板の広場▶	◀은판 광장▶
ced60	◀鉄の塔の広場▶	◀철탑 광장▶
ced80	◀悪夢の広場▶	◀악몽 광장▶
ced90	ゲーム終了	게임 종료
ceda0	グレートソード	그레이트 소드
cedb0	ワイルドスピニングアタック	와일드 스피닝 어택
cedd0	二段斬り	2단 베기
cede0	クリティカル	크리티컬
cedf0	マジックショット	매직 샷
cee08	魔王の仮面	마왕의 가면
cee20	シールドショット	실드 샷
cee40	ワイドショックウエイブ	와이드 쇼크웨이브
cee60	ショックウエイブアタック	쇼크웨이브 어택
cee80	シーフアイ	시프 아이
cee90	ドゥームストライク	둠 스트라이크
ceeb0	ホバリングシールド	호버링 실드
ceed0	プロテクション	프로텍션
ceee0	ストームシールド	스톰 실드
cef00	スナッチシールド	스내치 실드
cef20	ライトニングアタック	라이트닝 어택
cef40	スーパーシールドショット	슈퍼 실드 샷
cef60	×<;>ボタンでゲームに戻る	×<;>버튼으로 게임 복귀
cef80	アビリティがありません	어빌리티가 없습니다
cefa0	◀ゲームのセーブ▶	◀게임 저장▶
cefc0	◀フルアーマー▶	◀풀 아머▶
cefe0	レノールのキス	레노어의 키스
ceff0	マンバ・マリーのキス	맘바 마리의 키스
cf010	オーロラ・リーのキス	오로라 리의 키스
cf030	セフォニーのキス	세포니의 키스
cf048	覚醒の墓場	각성의 묘지
cf058	暗雲の広場	먹구름 광장
cf068	溶岩の道標	용암의 이정표
cf078	遥かなる断崖	아득한 절벽
cf088	霧雨の山麓	이슬비 산기슭
cf0a0	ガストリー・ガス	개스트리 개스
cf0b8	密林の遺跡	밀림의 유적
cf0c8	巨大樹の広場	거목 광장
cf0d8	不死者の村	불사자의 마을
cf0f0	底なし沼の渓谷	수렁의 계곡
cf100	危険な湿地帯	위험한 습지대
cf110	ボコラ・ラバス	보코라 라바스
cf120	永久凍土	영구동토
cf130	銀板の広場	은판 광장
cf140	険しき氷河の果てに	험준한 빙하의 끝에서
cf160	忘れられた海賊船	잊혀진 해적선
cf180	待ちうける叫喚	기다리는 비명
cf190	カタバー船長	카타바 선장
cf1a0	冥府への坂道	저승의 비탈길
cf1b0	鉄の塔の広場	철탑 광장
cf1c0	吊るされた悪意	매달린 악의
cf1d0	灼熱と歯車	작열과 톱니바퀴
cf1e0	黄泉の深淵	황천의 심연
cf1f0	グルタス郷	그루타스 마을
cf200	魔城突入	마왕성 돌입
cf210	悪夢の広場	악몽 광장
cf220	戦斧の回廊	전투도끼의 회랑
cf230	決戦の頂へ	결전의 정상으로
cf240	魔王アキリー	마왕 아킬리
cf250	ダークソフィア	다크 소피아
cf260	セーブされませんでした	저장되지 않았습니다
cf278	ステージ	스테이지
cf290	SELECTボタンで初期値に戻す	SELECT 버튼으로 초기값으로
cf2c0	魔法の力で剣が長くなつたぞ!	마법의 힘으로 검이 길어졌다!
cf2e0	遠くの敵を攻撃しよう。	멀리 있는 적을 공격하자.
cf300	一度に複数の敵を攻撃だ!	한 번에 여러 적을 공격하라!
cf320	敵に囲まれたときには、□を押したあと、	적에게 포위되었을 때 □를 누른 뒤,
cf350	左スティックを反時計回りに一回転。	왼쪽 스틱을 시계 반대 방향으로 한 바퀴.
cf380	スピニングアタックがパワーアップして	스피닝 어택이 파워 업해서
cf3b0	連続攻撃で敵をやつっけろ!	연속 공격으로 적을 해치워라!
cf3d0	□□で、敵を攻撃だ。	□□로 적을 공격하라.
cf3f0	クリティカルで敵を串刺しだ!	크리티컬로 적을 꿰뚫어라!
cf410	左スティックを攻撃したい方向に	왼쪽 스틱을 공격할 방향으로
cf430	剣から魔法の弾を発射できるようになつたぞ!	검에서 마법탄을 발사할 수 있게 되었다!
cf460	たおしながら △を押そう。	기울이면서 △를 누르자.
cf480	△△で魔法の弾で攻撃だ!	△△로 마법탄 공격이다!
cf4a0	明るさ調整	밝기 조정
cf4b0	このマスクをかぶつた者は、	이 가면을 쓴 자는
cf4d0	一時的に魔界のパワーの加護を受ける。	잠시 동안 마계의 힘의 가호를 받는다.
cf500	接触した敵には一瞬で死が訪れるぞ!	닿은 적은 순식간에 죽음을 맞는다!
cf530	鎧が最強の時のみ	갑옷이 최강일 때만
cf550	装備している盾を敵や障害物に投げっけよう。	장비한 방패를 적이나 장애물에 던지자.
cf580	パワーアップした盾を投げれば、	파워 업한 방패를 던지면
cf5a0	魔法攻撃ができるぞ!	마법 공격을 할 수 있다!
cf5c0	注意:盾は何かにぶっかるたびに、	주의: 방패는 부딪힐 때마다
cf5f0	耐久力が下がつていくので気をっけよう。	내구력이 떨어지니 조심하자.
cf620	盾は ○を押すと投げられるぞ。	방패는 ○를 누르면 던질 수 있다.
cf640	突き降ろし攻撃をしたときに出る	내려찍기 공격을 했을 때 생기는
cf660	衝撃波が大きくなるぞ。	충격파가 커진다.
cf680	突き降ろし攻撃は、××で	내려찍기 공격은 ××로
cf6a0	突き降ろし攻撃の衝撃波で敵にダメージを	내려찍기 공격의 충격파로 적에게 대미지를
cf6d0	与えられるようになつたぞ!	줄 수 있게 되었다!
cf6f0	突き降ろし攻撃で、シーフアイの魔法を発動。	내려찍기 공격으로 시프 아이 마법을 발동.
cf720	隠れている宝箱を見っけられるぞ!	숨겨진 보물상자를 찾을 수 있다!
cf750	突き降ろし攻撃が超強力な	내려찍기 공격이 초강력
cf770	投げた盾が強力なホバー兵器になるぞ。	던진 방패가 강력한 호버 병기가 된다.
cf7a0	盾は、○を押している間、空中で停止	○를 누르는 동안 방패가 공중에 멈추고,
cf7d0	○をはなすと戻つてくるぞ!	○를 떼면 돌아온다!
cf7f0	「盾」と「シールドショット」を獲得時のみ	「방패」와 「실드 샷」 획득 시에만
cf820	魔法の力で鎧の耐久力の最大値が	마법의 힘으로 갑옷 내구력의 최대치가
cf840	嵐の能力が秘められた盾。	폭풍의 힘이 깃든 방패.
cf860	盾を構えたときに、	방패를 들고 있을 때
cf880	「シールドショット」と組み合わせれば強力な	「실드 샷」과 조합하면 강력한
cf8b0	竜巻を発生させることができるぞ!	회오리바람을 일으킬 수 있다!
cf8e0	スナッチシールドを装備したものは、	스내치 실드를 장비한 자는
cf910	遠くにある宝物をⓈを押すだけで	멀리 있는 보물을 Ⓢ만 눌러서
cf930	「シールドショット」と組み合わせると、	「실드 샷」과 조합하면
cf960	さらに遠くのアイテムを入手可能になるぞ!	더 멀리 있는 아이템도 얻을 수 있다!
cf990	雷の魔法がこめられた盾に攻撃を	번개 마법이 깃든 방패에 공격을
cf9b0	しかけるものには、神の怒りが振りかかるぞ。	가하는 자에게는 신의 분노가 쏟아진다.
cf9e0	「シールドショット」と組み合わせれば稲妻を	「실드 샷」과 조합하면 번개를
cfa10	呼び寄せることができるぞ!	불러낼 수 있다!
cfa30	盾を投げる距離がアップしたぞ!	방패를 던지는 거리가 늘어났다!
cfa50	優先アビリティにセットされています。	우선 어빌리티로 설정되어 있습니다.
cfa80	◀ゲームに戻る▶	◀게임으로 돌아가기▶
cfaa0	4に上がつたぞ。	4로 올라갔다.
cfac0	魔法攻撃になるぞ!	마법 공격이 된다!
cfae0	ストームの魔力で敵を撃退するぞ!	스톰의 마력으로 적을 물리친다!
cfb10	手に入れることができるぞ!	손에 넣을 수 있다!
cfb30	盾を装備時のみ	방패 장비 시에만
cfb40	剣パワーアップ時のみ	검 파워 업 시에만
cfb60	□<;>ボタンで再読み込み	□<;>버튼으로 다시 읽기
cfb80	空き容量が不足しています。	빈 용량이 부족합니다.
cfba0	終了してもよいですか?	종료하시겠습니까?
cfbc0	□ボタンを押してコンティニューしますか?	□버튼을 눌러 컨티뉴하시겠습니까?
cfbf0	ドゥームストライクは、××で	둠 스트라이크는 ××로
cfc10	100コイン必要です	100코인이 필요합니다
cfc30	ワイルドスピニングアタックになつたぞ!	와일드 스피닝 어택이 되었다!
cfc60	次のコンティニューには 枚必要だ!	다음 컨티뉴에는 개 필요하다!
cfc90	二段ジャンプのあと△だ!	2단 점프 후 △다!
cfcb0	墓場に閉じ込められていた魔女、	묘지에 갇혀 있던 마녀
cfcd0	レノールからの祝福のキスだ!	레노어의 축복의 키스다!
cfcf0	どんな贈り物よりも愛がこもつているぞ。	어떤 선물보다 사랑이 담겨 있다.
cfd20	湿地に封印されていた魔女、	습지에 봉인되어 있던 마녀
cfd40	マンバ・マリーからの熱いキスだ!	맘바 마리의 뜨거운 키스다!
cfd70	落ち込んだ気持ちも奮い立っぞ。	울적한 기분도 다시 샘솟는다.
cfd90	極寒の土地から救い出された魔女、	혹한의 땅에서 구출된 마녀
cfdc0	オーロラ・リーから贈られたキスだ!	오로라 리가 선사한 키스다!
cfdf0	熱くなりすぎた身体をクールダウン。	너무 달아오른 몸을 쿨다운.
cfe20	慎重さを大切に。	신중함을 소중히.
cfe40	灼熱の世界に落ちた魔女、	작열하는 세계에 떨어진 마녀
cfe60	セフォニーの愛からのキスだ!	세포니의 사랑이 담긴 키스다!
cfe80	これで身体だけじゃなく、	이제 몸뿐만 아니라
cfea0	精神も力強くなつたぞ。	정신도 강해졌다.
cfec0	二段ジャンプのあと△△だ!	2단 점프 후 △△다!
cfee0	◀レノールのキス▶	◀레노어의 키스▶
cff00	◀マンバ・マリーのキス▶	◀맘바 마리의 키스▶
cff20	◀オーロラ・リーのキス▶	◀오로라 리의 키스▶
cff40	◀セフォニーのキス▶	◀세포니의 키스▶
cff60	デモバージョン	데모 버전
cff70	□<;>ボタンで再試行	□<;>버튼으로 다시 시도
cff90	ディスクトレイを閉めて下さい。	디스크 트레이를 닫아 주십시오.
cffb0	RESETして下さい。	RESET해 주십시오.
cffd0	ディスク読み込み中です。	디스크 읽는 중입니다.
cfff0	×<;>ボタンでセーブしない	×<;>버튼으로 저장 안 함
d0010	方向キーで選択、</>×<;>ボタンで戻る	방향키로 선택, </>×<;>버튼으로 돌아가기
d0040	セーブしますか?	저장하시겠습니까?
d0060	ディスクがありません。	디스크가 없습니다.
1331c0	はい	예
1331c8	いいえ	아니오
1331d0	空き	빈 슬롯
1331d8	続ける	계속
1331e0	ポーズ	일시정지
1331e8	はい	예
1331f0	いいえ	아니오
