id	offset	slot	refs	codes
0	ce650	64	d008c,d01ac,d02e4	95 96 95 97 98 99 20 9a 9b 98 9c 9d 9e 9f 81 a0 9d a1 a2 a3 a4 a5 a6 a7 a8
1	ce690	48	d0098,d0188,d0da0	a9 aa ab ac ad aa ae af a0 b0 83 84 81 b1 b2 b3 b4 b5 b6 b7 b8 a8
2	ce6c0	48	d00a4,d00c8,d0194	b9 ba 9b 98 ba bb bc bd be bf b8 c0 c1 a9 aa a5 a5 c2 c3 c4 a5 b8 a8
3	ce6f0	64	d0080,d00b0,d00d4,d01a0,d02a8,d02d8	c5 c6 c7 c8 c9 b9 ca c8 ca cb cc cd 20 82 c5 ce cf d0 d1 d2 ac d3 ac d4 d5 88 95 b2 d6 d7
4	ce730	32	d00bc,d00e0,d02b4	d8 d9 da a1 db a3 a4 a5 a6 a7 a8
5	ce750	32	d00ec	d8 d9 da c4 a5 b8 dc dd
6	ce770	32	d0110	8c 3b bb bc bd b7 df e0
7	ce790	16	d011c	d8 d9 da e1 b7 b8 a8
8	ce7a0	64	d0128,d01d0,d0290	c5 c6 c7 c8 c9 b9 ca c8 ca cb cc cd 20 82 c5 ce cf d0 d1 d2 ac d3 ac d4 d5 88 95 b2 d6 be
9	ce7e0	32	d0134,d01dc,d029c	e2 e3 9d c4 c4 e4 a4 b7 e5 a1 a4 a8
10	ce800	32	d0140	d8 d9 da c4 a5 a6 a7 b7 c4 e6 a8
11	ce820	32	d0164	d8 d9 da d7 e7 e8 c4 a5 c4 e6 a8
12	ce840	64	d0170,d0d88	c5 c6 c7 c8 c9 b9 ca c8 ca cb cc cd 20 82 c5 ce cf d0 d1 d2 ac d3 ac d4 d5 88 95 b2 d6 aa
13	ce880	16	d01c4	e9 ac ea e1 b7 b8 a8
14	ce890	16	d01e8,d03f8	eb ec ed ac b7 ee ef
15	ce8a0	32	d01f4	8c 3b bb bc bd b7 b4 f0 e3
16	ce8c0	32	d01b8,d023c,d03bc,d03e0,d0410	8b 3b bb bc bd b7 f1 f2
17	ce8e0	48	d020c	eb ec ed ac b7 f3 f4 be f5 f6 c4 a3 e5 a1 a4 a8
18	ce910	32	d0218,d0e24	8c 3b bb bc bd b7 e9 ac ea
19	ce930	32	d0230	b4 f0 e3 c4 a5 b8 dc dd
20	ce950	32	d0248	e9 ac ea d7 e7 e8 c4 a5 c4 e6 a8
21	ce970	32	d0254	d8 d9 da a0 f7 f8 c4 a5 c4 e6 a8
22	ce990	32	d026c	e9 ac ea a0 f7 f8 c4 a5 c4 e6 a8
23	ce9b0	32	d0278	f9 ac d4 a0 f7 f8 c4 a5 c4 e6 a8
24	ce9d0	16	d0284	f9 ac d4 e1 b7 b8 a8
25	ce9e0	32	d02c0	ab ac ad fa ac bc d7 fb fc a5 a6 a7 a8
26	cea00	16	d02f0	ab ac ad aa f9 ac d4
27	cea10	16	d02fc	fd fe ac ab ac ad
28	cea20	16	d0308,d03c8	ab ac ad ff e0
29	cea30	16	d0314,d0d34	100 101 bc d2 ac
30	cea40	16	d0320	102 103 104 d2 ac
31	cea50	16	d032c,d03ec	ad ac 105 ac
32	cea60	16	d0338	106 107 bd d4
33	cea70	16	d0344	101 108 109 10a
34	cea80	16	d0350	d1 10b 104 10c
35	cea90	16	d035c	10d 10e aa 10d 10f
36	ceaa0	16	d0368	110 111 10d aa 10d 10f
37	ceab0	24	d0374	112 113 ea 109 ac 114 115 bd
38	ceac8	16	d0398	118 119 11a 11b 11c 11d
39	cead8	24	d03b0	d8 d9 11e a0 f1 b8
40	ceaf0	32	d0404	8c 3b bb bc bd b7 11f 109 113
41	ceb10	32	d0428	101 108 ac 120 121 d2 122 123
42	ceb30	16	d0434	101 108 ac 120 124 125 126
43	ceb40	16	d0440	ab ac ad 127 128 126
44	ceb50	16	d044c	ab ac ad 124 125 126
45	ceb60	32	d047c	104 113 12a 20 20 20 81 85 80 12b 113 bd
46	ceb80	32	d0488	122 ac 100 ac 20 20 20 81 80 80 12b 113 bd
47	ceba0	32	d0494	12a 10c 12c 10c 101 20 20 20 85 80 12b 113 bd
48	cebc0	32	d04a0	12a 12d 12e 12f ac 130 20 20 20 85 80 80 12b 113 bd
49	cebe0	48	d04ac	d1 10b 131 104 ad 132 bd 133 20 20 20 83 80 80 12b 113 bd
50	cec10	32	d04b8	c6 97 134 132 bd 133 20 20 20 83 80 80 12b 113 bd
51	cec30	32	d04c4	135 101 108 d2 ac 20 20 20 81 85 80 12b 113 bd
52	cec50	48	d04d0	136 ac d4 12f 103 ac 120 20 20 20 81 85 80 12b 113 bd
53	cec80	48	d04dc	114 10c 112 ac 114 ac 10c d4 20 20 20 81 86 80 12b 113 bd
54	cecb0	48	d04e8	137 ac 10c d4 114 ac 10c d4 20 20 20 83 80 80 12b 113 bd
55	cece0	32	d04f4	9a 97 134 132 bd 133 20 20 20 83 80 80 12b 113 bd
56	ced00	32	d0500	e9 ac ea c1 101 108 ac 120 138 139 a0 b0
57	ced20	16	d0518	92 13a 13b aa 13c 13d 93
58	ced30	32	d0524	92 13e 13f 140 aa 13c 13d 93
59	ced50	16	d0530	92 141 142 aa 13c 13d 93
60	ced60	32	d053c	92 143 aa 144 aa 13c 13d 93
61	ced80	16	d0548	92 145 146 aa 13c 13d 93
62	ced90	16	d0578	ab ac ad 149 e8
63	ceda0	16	d05b4	131 109 ac 12e 136 ac d4
64	cedb0	32	d05e4	14b 113 10c d4 101 14c fd bd 131 122 bc 12d 121
65	cedd0	16	d062c	14d 14e 14f fc
66	cede0	16	d0668	121 d2 108 150 d3 10c
67	cedf0	24	d06a4	100 120 12d 121 114 115 12d 12e
68	cee08	24	d06ec	151 152 aa 153 119
69	cee20	32	d074c	114 ac 10c d4 114 115 12d 12e
70	cee40	32	d07ac	14b 113 d4 114 115 12d 121 107 154 113 ea
71	cee60	32	d07f4	114 115 12d 121 107 154 113 ea 122 bc 12d 121
72	cee80	16	d083c	114 ac 12a 122 113
73	cee90	32	d0884	d4 155 ac ad 101 12e 104 113 121
74	ceeb0	32	d08cc	156 112 d2 bd 131 114 ac 10c d4
75	ceed0	16	d0920	11f f9 108 121 114 115 bd
76	ceee0	32	d0950	101 12e ac ad 114 ac 10c d4
77	cef00	32	d09a4	101 157 12d 12f 114 ac 10c d4
78	cef20	32	d09f8	104 113 12e fd bd 131 122 bc 12d 121
79	cef40	32	d0a4c	101 ac 132 ac 114 ac 10c d4 114 115 12d 12e
80	cef60	32	d0db8	8b 3b bb bc bd b7 ab ac ad a0 f1 f2
81	cef80	32	d0a94	122 105 d2 108 150 d7 fb fc a5 a6 a7
82	cefa0	32	d0554,d0aa0	92 ab ac ad aa e9 ac ea 93
83	cefc0	32	d0aac	92 12a 10c 122 ac 100 ac 93
84	cefe0	16	d0ae8	109 10b ac 10c aa ed 101
85	ceff0	32	d0b18	100 bd 112 158 100 d2 ac aa ed 101
86	cf010	32	d0b54	10a ac f9 104 158 d2 ac aa ed 101
87	cf030	24	d0b90	e9 12a 159 fd ac aa ed 101
88	cf048	16	d0bcc	15a 15b aa 15c 13d
89	cf058	16	d0bd8	13a 13b aa 13c 13d
90	cf068	16	d0be4	15d 15e aa 15f 160
91	cf078	16	d0bf0	161 dc e4 f2 162 163
92	cf088	24	d0bfc	164 165 aa 166 167
93	cf0a0	24	d0c08	168 101 12e d2 ac 158 168 101
94	cf0b8	16	d0c14	169 16a aa 16b 16c
95	cf0c8	16	d0c20	13e 13f 140 aa 13c 13d
96	cf0d8	24	d0c2c	16d 16e 16f aa 170
97	cf0f0	16	d0c38	171 e4 c4 172 aa 173 174
98	cf100	16	d0c44	175 176 e4 177 178 179
99	cf110	16	d0c50	bb 12b 104 158 104 112 101
100	cf120	16	d0c5c	17a 17b 17c 17d
101	cf130	16	d0c68	141 142 aa 13c 13d
102	cf140	32	d0c74	176 c4 e3 17e 17f aa 111 a3 a0
103	cf160	32	d0c80	180 db 181 db e6 182 183 184
104	cf180	16	d0c8c	185 186 187 148 f2 188 189
105	cf190	16	d0c98	d3 bc 112 ac 184 18a
106	cf1a0	16	d0ca4	18b 18c 18d aa 18e 15f
107	cf1b0	16	d0cb0	143 aa 144 aa 13c 13d
108	cf1c0	16	d0cbc	18f f2 a1 db e6 145 190
109	cf1d0	16	d0cc8	191 192 c0 193 194
110	cf1e0	16	d0cd4	195 196 aa 197 198
111	cf1f0	16	d0ce0	131 10c bc 101 199
112	cf200	16	d0cec	151 19a 19b f5
113	cf210	16	d0cf8	145 146 aa 13c 13d
114	cf220	16	d0d04	19c 19d aa 19e 19f
115	cf230	16	d0d10	df 19c aa 1a0 18d
116	cf240	16	d0d1c	151 152 122 ed d2 ac
117	cf250	16	d0d28	1a1 ac 121 136 12a 150 122
118	cf260	24	d0d70	e9 ac ea a1 db a5 a6 a7 b7 c4 e6
119	cf278	24	d0d7c	101 108 ac 120
120	cf290	48	d03d4	b9 96 1a2 96 9a ba bb bc bd b7 d8 d9 11e a0 f1 b8
121	cf2c0	32	d05c0	151 1a3 aa f6 b7 1a4 d7 18a 1a5 e4 a2 e6 1a6 123
122	cf2e0	32	d05cc	1a7 1a5 aa 1a8 be 124 1a9 c4 1aa 187 a8
123	cf300	32	d05f0	1ab 1ac a0 1ad 1ae aa 1a8 be 124 1a9 1af 123
124	cf320	48	d0614	1a8 a0 1b0 a5 db e6 c0 e3 a0 b0 c1 8c be bf c4 e6 fb c0 c1
125	cf350	48	d0620	1b1 101 108 150 12d 121 be 1b2 1b3 1b4 19e fc a0 1ab 19e 1b5 a8
126	cf380	48	d05fc	101 14c fd bd 131 122 bc 12d 121 d7 132 14b ac 122 12d 11f c4 a3
127	cf3b0	32	d0638	1b6 147 124 1a9 b7 1a8 be 1b7 a2 1b8 148 1b9 123
128	cf3d0	32	d0644	8c 8c b7 c1 1a8 be 124 1a9 1af a8
129	cf3f0	32	d0674	121 d2 108 150 d3 10c b7 1a8 be 1ba 1bb c4 1af 123
130	cf410	32	d0680	1b1 101 108 150 12d 121 be 124 1a9 c4 e6 a4 eb ec a0
131	cf430	48	d06b0	1a4 dc 181 151 1a3 aa 1bc be 1bd 1be b7 e3 f2 1aa 187 a0 e4 a2 e6 1a6 123
132	cf460	32	d068c	e6 1bf c4 e4 d7 181 20 8d be bf 1c0 187 a8
133	cf480	32	d06bc	8d 8d b7 151 1a3 aa 1bc b7 124 1a9 1af 123
134	cf4a0	16	d03a4	1c1 f2 a1 11c 11d
135	cf4b0	32	d06f8	a9 aa 100 101 121 be dc 1c2 a2 e6 16f b0 c1
136	cf4d0	48	d0704	1ab 1b3 1c3 a0 151 1c4 aa 132 14b ac aa 1c5 1c6 be 1c7 148 f2 a8
137	cf500	48	d0710	1c8 1c9 c4 e6 1a8 a0 b0 1ab 1ca b7 16e d7 1cb db f2 1a6 123
138	cf530	32	d071c	1cc d7 1cd 1ce aa 1b3 aa 1cf
139	cf550	48	d0758	1d0 1d1 c4 a3 a4 f2 1d2 be 1a8 1b7 1d3 1d4 1d5 a0 1d6 1d7 1b8 148 1aa 187 a8
140	cf580	32	d0764	132 14b ac 122 12d 11f c4 e6 1d2 be 1d6 1d7 db 1d8 c1
141	cf5a0	32	d0770	151 1a3 124 1a9 d7 b7 e3 f2 1a6 123
142	cf5c0	48	d0788	1d9 190 1da 1d2 b0 1db dc a0 1c2 1b8 dc f2 e6 1dc a0 c1
143	cf5f0	48	d0794	1dd 17b f6 d7 e5 d7 a2 a3 a4 1a5 aa b7 1de be 1b8 148 1aa 187 a8
144	cf620	32	d077c	1d2 b0 20 8a be bf b8 c0 1d6 1d7 181 db f2 1a6 a8
145	cf640	32	d07b8	19b e3 1df 1b9 c4 124 1a9 be c4 e6 c0 e3 a0 1e0 f2
146	cf660	32	d07c4	1e1 1a9 1e2 d7 13f e3 1a5 e4 f2 1a6 a8
147	cf680	32	d07d0,d0818,d0860	19b e3 1df 1b9 c4 124 1a9 b0 c1 8b 8b b7
148	cf6a0	48	d0800	19b e3 1df 1b9 c4 124 1a9 aa 1e1 1a9 1e2 b7 1a8 a0 1a1 d0 ac 120 be
149	cf6d0	32	d080c	1e3 de 181 db f2 1aa 187 a0 e4 a2 e6 1a6 123
150	cf6f0	48	d0848	19b e3 1df 1b9 c4 124 1a9 b7 c1 114 ac 12a 122 113 aa 151 1a3 be 1bd 139 a8
151	cf720	48	d0854	1e4 db a3 a4 f2 1e5 1e6 be 1e7 1b8 148 181 db f2 1a6 123
152	cf750	32	d0890	19b e3 1df 1b9 c4 124 1a9 d7 1e8 1ce f6 e4
153	cf770	48	d08d8	1d6 1d7 e6 1d2 d7 1ce f6 e4 156 112 ac 1e9 1ea a0 e4 f2 1a6 a8
154	cf7a0	48	d08e4	1d2 b0 c1 8a be bf c4 a3 a4 f2 1eb c1 129 e1 b7 1ec 1ed
155	cf7d0	32	d08f0	8a be b0 e4 b8 c0 f1 a2 a3 1a5 f2 1a6 123
156	cf7f0	48	d08fc,d0a64	1ee 1d2 1ef c0 1ee 114 ac 10c d4 114 115 12d 12e 1ef be 1f0 1f1 1b3 aa 1cf
157	cf820	32	d092c	151 1a3 aa f6 b7 1cc aa 1dd 17b f6 aa 1cd 13f 11e d7
158	cf840	32	d095c	1f2 aa 1f3 f6 d7 1f4 1f5 181 db e6 1d2 a8
159	cf860	32	d0968	1d2 be 1f6 de e6 c0 e3 a0 c1
160	cf880	48	d0980	1ee 114 ac 10c d4 114 115 12d 12e 1ef c0 1f7 1cf 1f8 1f9 a6 db 1d8 1ce f6 e4
161	cf8b0	48	d098c	1fa 1fb be 1bd 1fc a1 a6 f2 a9 c0 d7 b7 e3 f2 1a6 123
162	cf8e0	48	d09b0	101 157 12d 12f 114 ac 10c d4 be 1d0 1d1 c4 e6 1fd aa b0 c1
163	cf910	32	d09bc	1a7 1a5 a0 fb f2 1e5 1d5 be 91 be bf b8 1af 148 b7
164	cf930	48	d09d4	1ee 114 ac 10c d4 114 115 12d 12e 1ef c0 1f7 1cf 1f8 1f9 a6 f2 c0 c1
165	cf960	48	d09e0	a1 181 a0 1a7 1a5 aa 122 113 108 ad be f5 1fe 1ff 1f3 a0 e4 f2 1a6 123
166	cf990	32	d0a04	200 aa 151 1a3 d7 a9 1f5 181 db e6 1d2 a0 124 1a9 be
167	cf9b0	48	d0a10	c4 dc 148 f2 1fd aa a0 b0 c1 201 aa 202 fc d7 203 fc dc dc f2 1a6 a8
168	cf9e0	48	d0a1c	1ee 114 ac 10c d4 114 115 12d 12e 1ef c0 1f7 1cf 1f8 1f9 a6 db 1d8 204 205 be
169	cfa10	32	d0a28	206 1dc 207 a6 f2 a9 c0 d7 b7 e3 f2 1a6 123
170	cfa30	32	d0a58	1d2 be 1d6 1d7 f2 208 209 d7 122 12d 11f c4 e6 1a6 123
171	cfa50	48	d0a88	20a 20b 122 105 d2 108 150 a0 e9 12d 12e a1 db a3 a4 a5 b8 a8
172	cfa80	32	d0560	92 ab ac ad a0 f1 f2 93
173	cfaa0	32	d0938	84 a0 b4 d7 a2 e6 1a6 a8
174	cfac0	32	d089c	151 1a3 124 1a9 a0 e4 f2 1a6 123
175	cfae0	48	d0974	101 12e ac ad aa 151 f6 b7 1a8 be 1a9 20c b8 f2 1a6 123
176	cfb10	32	d09c8	1fe a0 f5 db f2 a9 c0 d7 b7 e3 f2 1a6 20d
177	cfb30	16	d07a0,d0998,d09ec,d0a34	1d2 be 1d0 1d1 1b3 aa 1cf
178	cfb40	32	d06c8,d08c0	1a4 132 14b ac 122 12d 11f 1b3 aa 1cf
179	cfb60	32	d0dac	8c 3b bb bc bd b7 20e 20f 1cf 9e 1cf
180	cfb80	32	d017c,d0d94	129 e3 210 10f d7 16d 211 c4 a3 a4 a5 b8 a8
181	cfba0	32	d05a8	149 e8 c4 a3 1fd 1aa a4 b7 b8 dc dd
182	cfbc0	48	d0464	8c bb bc bd be bf c4 a3 12b bd 108 150 fd fe ac c4 a5 b8 dc dd
183	cfbf0	32	d08a8	d4 155 ac ad 101 12e 104 113 121 b0 c1 8b 8b b7
184	cfc10	32	d050c	81 80 80 12b 113 bd b5 b6 b7 b8
185	cfc30	48	d0608	14b 113 10c d4 101 14c fd bd 131 122 bc 12d 121 a0 e4 a2 e6 1a6 123
186	cfc60	48	d0dc4	212 aa 12b bd 108 150 fd fe ac a0 b0 20 213 b5 b6 1af 123
187	cfc90	32	d07dc,d0824,d086c	14d 14e 120 103 bd 11f aa fb c0 8d 1af 123
188	cfcb0	32	d0af4	15c 13d a0 214 215 9e 1f5 181 db a3 a4 e6 151 216 c1
189	cfcd0	32	d0b00	109 10b ac 10c dc 181 aa 217 218 aa ed 101 1af 123
190	cfcf0	48	d0b0c	219 a7 e4 21a fc 1d5 1aa fc 1fd 21b d7 a9 1fd a2 a3 a4 f2 1a6 a8
191	cfd20	32	d0b24	177 178 a0 21c 21d a1 db a3 a4 e6 151 216 c1
192	cfd40	48	d0b30	100 bd 112 158 100 d2 ac dc 181 aa 192 a4 ed 101 1af 123
193	cfd70	32	d0b3c	21e 186 9e a7 1af 1de 21f 186 1fd 220 a4 221 1b8 1a6 a8
194	cfd90	48	d0b60	222 223 aa 17d 178 dc 181 224 a4 1e0 a1 db e6 151 216 c1
195	cfdc0	48	d0b6c	10a ac f9 104 158 d2 ac dc 181 21a 181 db e6 ed 101 1af 123
196	cfdf0	48	d0b78	192 1a5 e4 fc b8 225 e6 226 227 be 121 ac 10c 1a1 107 bd a8
197	cfe20	32	d0b84	228 229 a1 be 13f 22a a0 a8
198	cfe40	32	d0b9c	191 192 aa 22b 1c4 a0 21e 186 e6 151 216 c1
199	cfe60	32	d0ba8	e9 12a 159 fd ac aa 21b dc 181 aa ed 101 1af 123
200	cfe80	32	d0bb4	a9 db b7 226 227 1af 148 215 22c e4 1a5 c1
201	cfea0	32	d0bc0	22d 201 1fd f6 1ce 1a5 e4 a2 e6 1a6 a8
202	cfec0	32	d08b4	14d 14e 120 103 bd 11f aa fb c0 8d 8d 1af 123
203	cfee0	32	d0ab8	92 109 10b ac 10c aa ed 101 93
204	cff00	32	d0ac4	92 100 bd 112 158 100 d2 ac aa ed 101 93
205	cff20	32	d0ad0	92 10a ac f9 104 158 d2 ac aa ed 101 93
206	cff40	32	d0adc	92 e9 12a 159 fd ac aa ed 101 93
207	cff60	16	d0e48	fa d1 112 ac 120 115 bd
208	cff70	32	d014c	8c 3b bb bc bd b7 20e 22e 128
209	cff90	32	d0dd0	fa 150 101 121 12e 109 113 be 214 1f5 a3 e5 a1 a4 a8
210	cffb0	32	d0e00	98 96 b9 96 ba c4 a3 e5 a1 a4 a8
211	cffd0	32	d0df4	fa 150 101 121 20f 1cf 9e 1cf e1 b7 b8 a8
212	cfff0	32	d0158,d0200,d0224,d0e30	8b 3b bb bc bd b7 e9 ac ea c4 e4 a4
213	d0010	48	d041c	eb ec ed ac b7 ee ef c1 2f 8b 3b bb bc bd b7 f1 f2
214	d0040	32	d0e18	e9 ac ea c4 a5 b8 dc dd
215	d0060	32	d0e3c	fa 150 101 121 d7 fb fc a5 a6 a7 a8
216	1331c0	8	d00f8	b0 a4
217	1331c8	8	d0104	a4 a4 de
218	1331d0	8	d0470	129 e3
219	1331d8	8	d056c	147 148 f2
220	1331e0	8	d0584	14a ac 130
221	1331e8	8	d0590	b0 a4
222	1331f0	8	d059c	a4 a4 de
